A.J. Lawson,South Carolina,Canada,Undrafted
AJ Green,Northern Iowa,USA,Undrafted
AJ Griffin,Duke,USA,2022
AJ Hammons,Purdue,USA,2016
AJ Price,Connecticut,USA,2009
Aaron Brooks,Oregon,USA,2007
Aaron Gordon,Arizona,USA,2014
Aaron Gray,Pittsburgh,USA,2007
Aaron Harrison,Kentucky,USA,Undrafted
Aaron Henry,Michigan State,USA,Undrafted
Aaron Holiday,UCLA,USA,2018
Aaron Jackson,,USA,Undrafted
Aaron McKie,Temple,USA,1994
Aaron Miles,Kansas,USA,Undrafted
Aaron Nesmith,Vanderbilt,USA,2020
Aaron Wiggins,Maryland,USA,2021
Aaron Williams,Xavier,USA,Undrafted
Abdel Nader,Iowa State,Egypt,2016
Acie Law,Texas A&M,USA,2007
Adam Mokoka,,France,Undrafted
Adam Morrison,Gonzaga,USA,2006
Ade Murkey,Denver,USA,Undrafted
Admiral Schofield,Tennessee,United Kingdom,2019
Adonal Foyle,Colgate,St. Vincent & Grenadines,1997
Adonis Thomas,Memphis,USA,Undrafted
Adreian Payne,Michigan State,USA,2014
Adrian Griffin,Seton Hall,USA,Undrafted
Ahmad Caver,Old Dominion,USA,2019
Al Harrington,,USA,1998
Al Horford,Florida,Dominican Republic,2007
Al Jefferson,,USA,2004
Al Thornton,Florida State,USA,2007
Al-Farouq Aminu,Wake Forest,USA,2010
Alan Anderson,Michigan State,USA,Undrafted
Alan Henderson,Indiana,USA,1995
Alan Williams,California-Santa Barbara,USA,Undrafted
Alando Tucker,Wisconsin,USA,2007
Alec Burks,Colorado,USA,2011
Alec Peters,Valparaiso,USA,2017
Aleem Ford,Wisconsin,USA,Undrafted
Alekesej Pokusevski,,Serbia,2020
Aleksej Pokusevski,,Serbia,2020
Alen Smailagic,,Serbia,2019
Alex Abrines,,Spain,2013
Alex Acker,Pepperdine,USA,2005
Alex Caruso,Texas A&M,USA,Undrafted
Alex Kirk,New Mexico,USA,Undrafted
Alex Len,Maryland,Ukraine,2013
Alex Poythress,Kentucky,USA,Undrafted
Alex Scales,Oregon,USA,Undrafted
Alex Stepheson,USC,USA,Undrafted
Alexander Johnson,Florida State,USA,2006
Alexey Shved,,Russia,Undrafted
Alexis Ajinca,,France,2008
Alfonzo McKinnie,,USA,Undrafted
Alize Johnson,Missouri State,USA,2018
Allan Ray,Villanova,USA,Undrafted
Allen Crabbe,California,USA,2013
Allen Iverson,Georgetown,USA,1996
Allonzo Trier,Arizona,USA,Undrafted
Alondes Williams,Wake Forest,USA,Undrafted
Alonzo Gee,Alabama,USA,Undrafted
Alonzo Mourning,Georgetown,USA,1992
Alperen Sengun,,Turkey,2021
Alvin Williams,Villanova,USA,1997
Amar'e Stoudemire,,USA,2002
Amida Brimah,Connecticut,USA,Undrafted
Amile Jefferson,Duke,USA,Undrafted
Amir Coffey,Minnesota,USA,Undrafted
Amir Johnson,,USA,2005
Anderson Varejao,,Brazil,2004
Andray Blatche,,USA,2005
Andre Barrett,Seton Hall,USA,Undrafted
Andre Brown,DePaul,USA,Undrafted
Andre Dawkins,Duke,USA,Undrafted
Andre Drummond,Connecticut,USA,2012
Andre Emmett,Texas Tech,USA,2004
Andre Iguodala,Arizona,USA,2004
Andre Ingram,American University,USA,Undrafted
Andre Miller,Utah,USA,1999
Andre Owens,Houston,USA,Undrafted
Andre Roberson,Colorado,USA,2013
Andrea Bargnani,,Italy,2006
Andreas Glyniadakis,,USA,2003
Andrei Kirilenko,,Russia,1999
Andres Nocioni,,Argentina,Undrafted
Andrew Bogut,Utah,Australia,2005
Andrew Bynum,,USA,2005
Andrew Goudelock,College of Charleston,USA,2011
Andrew Harrison,Kentucky,USA,2015
Andrew Nembhard,Gonzaga,Canada,2022
Andrew Nicholson,St. Bonaventure,Canada,2012
Andrew White III,Syracuse,USA,Undrafted
Andrew Wiggins,Kansas,Canada,2014
Andris Biedrins,,Latvia,2004
Andy Rautins,Syracuse,USA,2010
Anfernee Hardaway,Memphis,USA,1993
Anfernee Simons,,USA,2018
Angel Delgado,,Dominican Republic,Undrafted
Antawn Jamison,North Carolina,USA,1998
Ante Zizic,,Croatia,2016
Anthony Bennett,Nevada-Las Vegas,Canada,2013
Anthony Brown,Stanford,USA,2015
Anthony Carter,Hawaii,USA,Undrafted
Anthony Davis,Kentucky,USA,2012
Anthony Edwards,Georgia,USA,2020
Anthony Gill,Virginia,USA,Undrafted
Anthony Goldwire,Houston,USA,1994
Anthony Grundy,North Carolina State,USA,Undrafted
Anthony Johnson,College of Charleston,USA,1997
Anthony Lamb,Vermont,USA,Undrafted
Anthony Morrow,Georgia Tech,USA,Undrafted
Anthony Parker,Bradley,USA,1997
Anthony Randolph,Louisiana State,USA,2008
Anthony Roberson,Florida,USA,Undrafted
Anthony Tolliver,Creighton,USA,Undrafted
Antoine Walker,Kentucky,USA,1996
Antoine Wright,Texas A&M,USA,2005
Antonio Anderson,Memphis,USA,Undrafted
Antonio Blakeney,Louisiana State,USA,Undrafted
Antonio Burks,Memphis,USA,2004
Antonio Daniels,Bowling Green,USA,1997
Antonio Davis,Texas-El Paso,USA,1990
Antonio McDyess,Alabama,USA,1995
Antonius Cleveland,S.E. Missouri,USA,Undrafted
Anzejs Pasecniks,,Latvia,2017
Archie Goodwin,Kentucky,USA,2013
Arinze Onuaku,Syracuse,USA,Undrafted
Armon Johnson,Nevada,USA,2010
Armoni Brooks,Houston,USA,2019
Arnett Moultrie,Mississippi State,USA,2012
Arnoldas Kulboka,,Lithuania,2018
Aron Baynes,Washington State,Australia,Undrafted
Arron Afflalo,UCLA,USA,2007
Arvydas Macijauskas,,Lithuania,Undrafted
Ashton Hagans,Kentucky,USA,Undrafted
Austin Croshere,Providence,USA,1997
Austin Daye,Gonzaga,USA,2009
Austin Reaves,Oklahoma,USA,Undrafted
Austin Rivers,Duke,USA,2012
Avery Bradley,Texas,USA,2010
Awvee Storey,Arizona State,USA,Undrafted
Axel Toupane,,France,Undrafted
Ayo Dosunmu,Illinois,USA,2021
BJ Johnson,,USA,Undrafted
Bam Adebayo,Kentucky,USA,2017
Baron Davis,UCLA,USA,1999
Ben Bentil,Providence,Ghana,2016
Ben Gordon,Connecticut,USA,2004
Ben Hansbrough,Notre Dame,USA,Undrafted
Ben McLemore,Kansas,USA,2013
Ben Moore,Southern Methodist,USA,Undrafted
Ben Simmons,Louisiana State,Australia,2016
Ben Uzoh,Tulsa,USA,Undrafted
Ben Wallace,Virginia Union,USA,Undrafted
Bennedict Mathurin,Arizona,Canada,2022
Beno Udrih,,Slovenia,2004
Bernard James,Florida State,USA,2012
Bernard Robinson,Michigan,USA,2004
Billy Garrett,DePaul,USA,Undrafted
Billy Thomas,Kansas,USA,Undrafted
Bismack Biyombo,,Democratic Republic of the Congo,2011
Blake Ahearn,Missouri State,USA,Undrafted
Blake Griffin,Oklahoma,USA,2009
Blake Wesley,Notre Dame,USA,2022
Bo Outlaw,Houston,USA,Undrafted
Boban Marjanovic,,Serbia,Undrafted
Bobby Brown,Cal State-Fullerton,USA,Undrafted
Bobby Jackson,Minnesota,USA,1997
Bobby Jones,Washington,USA,2006
Bobby Portis,Arkansas,USA,2015
Bobby Simmons,DePaul,USA,2001
Bogdan Bogdanovic,,Serbia,2014
Bojan Bogdanovic,,Croatia,2011
Bol Bol,Oregon,Sudan,2019
Bones Hyland,Virginia Commonwealth,USA,2021
Boniface Ndong,,Senegal,Undrafted
Bonzi Wells,Ball State,USA,1998
Bonzie Colson,Notre Dame,USA,Undrafted
Boris Diaw,,France,2003
Bostjan Nachbar,,Slovenia,2002
Bracey Wright,Indiana,USA,2005
Brad Miller,Purdue,USA,Undrafted
Brad Wanamaker,Pittsburgh,USA,Undrafted
Bradley Beal,Florida,USA,2012
Brandan Wright,North Carolina,USA,2007
Branden Dawson,Michigan State,USA,2015
Brandon Bass,Louisiana State,USA,2005
Brandon Boston,Kentucky,USA,2021
Brandon Boston Jr.,Kentucky,USA,2021
Brandon Clarke,Gonzaga,Canada,2019
Brandon Davies,Brigham Young,USA,Undrafted
Brandon Goodwin,,USA,Undrafted
Brandon Ingram,Duke,USA,2016
Brandon Jennings,,USA,2009
Brandon Knight,Kentucky,USA,2011
Brandon Paul,,USA,Undrafted
Brandon Roy,Washington,USA,2006
Brandon Rush,Kansas,USA,2008
Brandon Sampson,,USA,Undrafted
Brandon Williams,Arizona,USA,Undrafted
Braxton Key,Virginia,USA,Undrafted
Brendan Haywood,North Carolina,USA,2001
Brent Barry,Oregon State,USA,1995
Brevin Knight,Stanford,USA,1997
Brian Bowen II,,USA,Undrafted
Brian Cardinal,Purdue,USA,2000
Brian Cook,Illinois,USA,2003
Brian Grant,Xavier,USA,1994
Brian Roberts,Dayton,USA,Undrafted
Brian Scalabrine,Southern California,USA,2001
Brian Skinner,Baylor,USA,1998
Briante Weber,Virginia Commonwealth,USA,Undrafted
Brice Johnson,North Carolina,USA,2016
Brodric Thomas,Truman State,USA,Undrafted
Brook Lopez,Stanford,USA,2008
Bruce Bowen,Cal State-Fullerton,USA,Undrafted
Bruce Brown,Miami,USA,2018
Bruno Caboclo,,Brazil,2014
Bruno Fernando,Maryland,Angola,2019
Bryce Cotton,Providence,USA,Undrafted
Bryce Dejean-Jones,Iowa State,USA,Undrafted
Bryce McGowens,Nebraska,USA,2022
Bryn Forbes,Michigan State,USA,Undrafted
Bryon Russell,Long Beach State,USA,1993
Buddy Boeheim,Syracuse,USA,Undrafted
Buddy Hield,Oklahoma,Bahamas,2016
Byron Mullens,Ohio State,USA,2009
C.J. Watson,Tennessee,USA,Undrafted
C.J. Williams,North Carolina State,USA,Undrafted
CJ Elleby,Washington State,USA,2020
CJ McCollum,Lehigh,USA,2013
CJ Miles,,USA,2005
CJ Wilcox,Washington,USA,2014
Cade Cunningham,Oklahoma State,USA,2021
Calbert Cheaney,Indiana,USA,1993
Caleb Houstan,Michigan,Canada,2022
Caleb Martin,Nevada-Reno,USA,Undrafted
Caleb Swanigan,Purdue,USA,2017
Calvin Booth,Penn State,USA,1999
Cam Reddish,Duke,USA,2019
Cam Thomas,Louisiana State,Japan,2021
Cameron Bairstow,New Mexico,Australia,2014
Cameron Johnson,North Carolina,USA,2019
Cameron McGriff,Oklahoma State,USA,Undrafted
Cameron Oliver,Nevada,USA,Undrafted
Cameron Payne,Murray State,USA,2015
Cameron Reynolds,,USA,Undrafted
Caris LeVert,Michigan,USA,2016
Carl Landry,Purdue,USA,2007
Carldell Johnson,Alabama-Birmingham,USA,Undrafted
Carlik Jones,Texas Legends,USA,Undrafted
Carlos Arroyo,Florida International,Puerto Rico,Undrafted
Carlos Boozer,Duke,USA,2002
Carlos Delfino,,Argentina,2003
Carmelo Anthony,Syracuse,USA,2003
Caron Butler,Connecticut,USA,2002
Carrick Felix,Arizona State,USA,2013
Carsen Edwards,Purdue,USA,2019
Cartier Martin,Kansas State,USA,Undrafted
Casey Jacobsen,Stanford,USA,2002
Casper Ware,Long Beach State,USA,Undrafted
Cassius Stanley,Duke,USA,2020
Cassius Winston,Michigan State,USA,2020
Cat Barber,North Carolina State,USA,2016
Cedi Osman,,Turkey,2015
Cedric Bozeman,UCLA,USA,Undrafted
Cedric Jackson,Cleveland State,USA,Undrafted
Cedric Simmons,North Carolina State,USA,2006
Chance Comanche,Arizona,USA,Undrafted
Chandler Hutchison,Boise State,USA,2018
Chandler Parsons,Florida,USA,2011
Channing Frye,Arizona,USA,2005
Charles Bassey,Western Kentucky,Nigeria,2021
Charles Cooke,University of Dayton,USA,Undrafted
Charles Jenkins,Hofstra,USA,2011
Charles Smith,New Mexico,USA,1997
Charlie Bell,Michigan State,USA,Undrafted
Charlie Brown Jr.,St. Joseph's (PA),USA,Undrafted
Charlie Villanueva,Connecticut,USA,2005
Chase Budinger,Arizona,USA,2009
Chasson Randle,Stanford,USA,Undrafted
Chauncey Billups,Colorado,USA,1997
Chaundee Brown Jr.,Michigan,USA,Undrafted
Cheick Diallo,Kansas,Mali,2016
Cheikh Samb,,USA,2006
Chima Moneke,Cal-Davis,Nigeria,Undrafted
Chimezie Metu,USC,USA,2018
Chinanu Onuaku,Louisville,USA,2016
Chris Andersen,Blinn,USA,Undrafted
Chris Babb,Iowa State,USA,Undrafted
Chris Bosh,Georgia Tech,USA,2003
Chris Boucher,Oregon,Canada,Undrafted
Chris Chiozza,,USA,Undrafted
Chris Clemons,Campbell University,USA,Undrafted
Chris Copeland,Colorado,USA,Undrafted
Chris Douglas-Roberts,Memphis,USA,2008
Chris Duarte,Oregon,Dominican Republic,2021
Chris Duhon,Duke,USA,2004
Chris Hunter,Michigan,USA,Undrafted
Chris Johnson,Louisiana State,USA,Undrafted
Chris Kaman,Central Michigan,USA,2003
Chris McCray,Maryland,USA,Undrafted
Chris McCullough,Syracuse,USA,2015
Chris Mihm,Texas,USA,2000
Chris Paul,Wake Forest,USA,2005
Chris Quinn,Notre Dame,USA,Undrafted
Chris Richard,Florida,USA,2007
Chris Silva,South Carolina,Gabon,Undrafted
Chris Singleton,Florida State,USA,2011
Chris Smith,Louisville,USA,Undrafted
Chris Taft,Pittsburgh,USA,2005
Chris Webber,Michigan,USA,1993
Chris Wilcox,Maryland,USA,2002
Chris Wright,Dayton,USA,Undrafted
Christian Braun,Kansas,USA,2022
Christian Eyenga,,Congo,2009
Christian Koloko,Arizona,Cameroon,2022
Christian Wood,Nevada-Las Vegas,USA,Undrafted
Chuck Hayes,Kentucky,USA,Undrafted
Chucky Atkins,South Florida,USA,Undrafted
Chuma Okeke,Auburn,USA,2019
Cleanthony Early,Wichita State,USA,2014
Cliff Alexander,Kansas,USA,Undrafted
Clifford Robinson,Connecticut,USA,1989
Clint Capela,,Switzerland,2014
Coby Karl,Boise State,USA,Undrafted
Coby White,North Carolina,USA,2019
Cody Martin,Nevada-Reno,USA,2019
Cody Zeller,Indiana,USA,2013
Cole Aldrich,Kansas,USA,2010
Cole Anthony,North Carolina,USA,2020
Cole Swider,Syracuse,USA,Undrafted
Collin Sexton,Alabama,USA,2018
Corey Brewer,Florida,USA,2007
Corey Kispert,Gonzaga,USA,2021
Corey Maggette,Duke,USA,1999
Corliss Williamson,Arkansas,USA,1995
Cory Higgins,Colorado,USA,Undrafted
Cory Jefferson,Baylor,USA,2014
Cory Joseph,Texas,Canada,2011
Coty Clarke,,USA,Undrafted
Courtney Fortson,Arkansas,USA,Undrafted
Courtney Lee,Western Kentucky,USA,2008
Courtney Sims,Michigan,USA,Undrafted
Craig Brackins,Iowa State,USA,2010
Craig Smith,Boston College,USA,2006
Craig Sword,Mississippi State,USA,Undrafted
Cristiano Felicio,,Brazil,Undrafted
Cuttino Mobley,Rhode Island,USA,1998
D'Angelo Russell,Ohio State,USA,2015
D.J. Augustin,Texas,USA,2008
D.J. Kennedy,St. John's (NY),USA,Undrafted
D.J. Wilson,Michigan,USA,2017
DJ Mbenga,,Democratic Republic of the Congo,Undrafted
DJ Stephens,Memphis,USA,Undrafted
DJ Strawberry,Maryland,USA,2007
DJ White,Indiana,USA,2008
DaJuan Summers,Georgetown,USA,2009
DaQuan Jeffries,Tulsa,USA,Undrafted
Daequan Cook,Ohio State,USA,2007
Dahntay Jones,Duke,USA,2003
Dairis Bertans,,Latvia,Undrafted
Daishen Nix,,USA,Undrafted
Dajuan Wagner,Memphis,USA,2002
Dakari Johnson,Kentucky,USA,2015
Dakota Mathias,Purdue,USA,2018
Dalano Banton,Nebraska,Canada,2021
Dale Davis,Clemson,USA,1991
Dalen Terry,Arizona,USA,2022
Damian Jones,Vanderbilt,USA,2016
Damian Lillard,Weber State,USA,2012
Damien Inglis,,France,2014
Damien Wilkins,Georgia,USA,Undrafted
Damion James,Texas,USA,2010
Damion Lee,Louisville,USA,Undrafted
Damir Markota,,USA,2006
Damjan Rudez,,Croatia,Undrafted
Damon Jones,Houston,USA,Undrafted
Damon Stoudamire,Arizona,USA,1995
Damyean Dotson,Houston,USA,2017
Dan Dickau,Gonzaga,USA,2002
Dan Gadzuric,UCLA,Netherlands,2002
Daniel Ewing,Duke,USA,2005
Daniel Gafford,Arkansas,USA,2019
Daniel Gibson,Texas,USA,2006
Daniel Hamilton,Connecticut,USA,2016
Daniel Ochefu,Villanova,USA,Undrafted
Daniel Orton,Kentucky,USA,2010
Daniel Oturu,Minnesota,USA,2020
Daniel Theis,,Germany,Undrafted
Danilo Gallinari,,Italy,2008
Danny Fortson,Cincinnati,USA,1997
Danny Granger,New Mexico,USA,2005
Danny Green,North Carolina,USA,2009
Dante Cunningham,Villanova,USA,2009
Dante Exum,,Australia,2014
Danuel House,Texas A&M,USA,Undrafted
Danuel House Jr.,Texas A&M,USA,Undrafted
Darington Hobson,New Mexico,USA,2010
Dario Saric,,Croatia,2014
Darius Bazley,,USA,2019
Darius Days,Louisiana State,USA,Undrafted
Darius Garland,Vanderbilt,USA,2019
Darius Johnson-Odom,Marquette,USA,2012
Darius Miles,,USA,2000
Darius Miller,Kentucky,USA,2012
Darius Morris,Michigan,USA,2011
Darius Songaila,Wake Forest,Lithuania,2002
Darius Washington,Memphis,USA,Undrafted
Darko Milicic,,Serbia,2003
Darnell Jackson,Kansas,USA,2008
Darrell Armstrong,Fayetteville State,USA,Undrafted
Darrell Arthur,Kansas,USA,2008
Darren Collison,UCLA,USA,2009
Darrick Martin,UCLA,USA,Undrafted
Darrun Hilliard,Villanova,USA,2015
Darryl Watkins,Syracuse,USA,Undrafted
Daryl Macon,Arkansas,USA,Undrafted
David Andersen,,USA,2002
David Duke Jr.,Providence,USA,Undrafted
David Harrison,Colorado,USA,2004
David Johnson,Louisville,USA,2021
David Lee,Florida,USA,2005
David Noel,North Carolina,USA,2006
David Nwaba,,USA,Undrafted
David Roddy,Colorado State,USA,2022
David Stockton,Gonzaga,USA,Undrafted
David Wear,UCLA,USA,Undrafted
David Wesley,Baylor,USA,Undrafted
David West,Xavier,USA,2003
Davion Mitchell,Baylor,USA,2021
Davis Bertans,,Latvia,2011
Davon Reed,Miami,USA,2017
Day'Ron Sharpe,North Carolina,USA,2021
De'Aaron Fox,Kentucky,USA,2017
De'Andre Hunter,Virginia,USA,2019
De'Anthony Melton,USC,USA,2018
DeAndre Jordan,Texas A&M,USA,2008
DeAndre Liggins,Kentucky,USA,2011
DeAndre' Bembry,Saint Joseph's,USA,2016
DeJon Jarreau,Houston,USA,Undrafted
DeJuan Blair,Pittsburgh,USA,2009
DeMar DeRozan,Southern California,USA,2009
DeMarcus Cousins,Kentucky,USA,2010
DeMarcus Nelson,Duke,USA,Undrafted
DeMarre Carroll,Missouri,USA,2009
DeQuan Jones,Miami (FL),USA,Undrafted
DeSagana Diop,,Senegal,2001
DeShawn Stevenson,,USA,2000
DeVaughn Akoon-Purcell,Illinois State,Trinidad and Tobago,Undrafted
Dean Wade,Kansas State,USA,Undrafted
Deandre Ayton,Arizona,Bahamas,2018
Dee Brown,Illinois,USA,2006
Deividas Sirvydis,,Lithuania,2019
Dejounte Murray,Washington,USA,2016
Delon Wright,Utah,USA,2015
Delonte West,Saint Joseph's,USA,2004
Demetris Nichols,Syracuse,USA,2007
Demetrius Jackson,Notre Dame,USA,2016
Deng Adel,,South Sudan,Undrafted
Deng Gai,Fairfield,Sudan (UK),Undrafted
Deni Avdija,,Israel,2020
Dennis Horner,North Carolina State,USA,Undrafted
Dennis Schroder,,Germany,2013
Dennis Smith Jr.,North Carolina State,USA,2017
Denzel Valentine,Michigan State,USA,2016
Deonte Burton,Iowa State,USA,Undrafted
DerMarr Johnson,Cincinnati,USA,2000
Derek Anderson,Kentucky,USA,1997
Derek Fisher,Arkansas-Little Rock,USA,1996
Dereon Seabron,North Carolina State,USA,Undrafted
Deron Williams,Illinois,USA,2005
Derrick Brown,Xavier,USA,2009
Derrick Byars,Vanderbilt,USA,2007
Derrick Caracter,Texas-El Paso,USA,2010
Derrick Favors,Georgia Tech,USA,2010
Derrick Jones Jr.,Nevada-Las Vegas,USA,Undrafted
Derrick Rose,Memphis,USA,2008
Derrick Walton Jr.,Michigan,USA,Undrafted
Derrick White,Colorado,USA,2017
Derrick Williams,Arizona,USA,2011
Derrick Zimmerman,Mississippi State,USA,2003
Desmon Farmer,Southern California,USA,Undrafted
Desmond Bane,TCU,USA,2020
Desmond Mason,Oklahoma State,USA,2000
Devean George,Augsburg,USA,1999
Devin Booker,Kentucky,USA,2015
Devin Brown,Texas-San Antonio,USA,Undrafted
Devin Cannady,Princeton,USA,2019
Devin Ebanks,West Virginia,USA,2010
Devin Green,Hampton,USA,Undrafted
Devin Harris,Wisconsin,USA,2004
Devin Robinson,Florida,USA,Undrafted
Devin Vassell,Florida State,USA,2020
Devon Dotson,Kansas,USA,Undrafted
Devon Hall,Virginia,USA,2018
Devontae Cacok,North Carolina-Wilmington,USA,Undrafted
Devonte' Graham,Kansas,USA,2018
Devyn Marble,Iowa,USA,2014
Dewan Hernandez,Miami,USA,2019
Dewayne Dedmon,Southern California,USA,Undrafted
Dexter Pittman,Texas,USA,2010
Deyonta Davis,Michigan State,USA,2016
Diamond Stone,Maryland,USA,2016
Diante Garrett,Iowa State,USA,Undrafted
Didi Louzada,,Brazil,2019
Dijon Thompson,UCLA,USA,2005
Dikembe Mutombo,Georgetown,Congo,1991
Dillon Brooks,Oregon,Canada,2017
Dion Waiters,Syracuse,USA,2012
Dionte Christmas,Temple,USA,Undrafted
Dirk Nowitzki,,Germany,1998
Domantas Sabonis,Gonzaga,Lithuania,2016
Dominic McGuire,Fresno State,USA,2007
Dominick Barlow,,USA,Undrafted
Dominique Jones,South Florida,USA,2010
Donald Sloan,Texas A&M,USA,Undrafted
Donatas Motiejunas,,Lithuania,2011
Donell Taylor,Alabama-Birmingham,USA,Undrafted
Donovan Mitchell,Louisville,USA,2017
Donovan Williams,UNLV,USA,Undrafted
Donta Hall,Alabama,USA,Undrafted
Donta Smith,Southeastern Illinois,USA,2004
Donte DiVincenzo,Villanova,USA,2018
Donte Grantham,Clemson,USA,Undrafted
Donte Greene,Syracuse,USA,2008
Dontell Jefferson,Arkansas,USA,Undrafted
Donyell Marshall,Connecticut,USA,1994
Dorell Wright,,USA,2004
Dorian Finney-Smith,Florida,USA,Undrafted
Doron Lamb,Kentucky,USA,2012
Doug Christie,Pepperdine,USA,1992
Doug McDermott,Creighton,USA,2014
Dragan Bender,,Croatia,2016
Draymond Green,Michigan State,USA,2012
Drew Eubanks,,USA,Undrafted
Drew Gooden,Kansas,USA,2002
Drew Gordon,New Mexico,USA,Undrafted
Dru Smith,Missouri,USA,Undrafted
Duane Washington Jr.,Ohio State,Germany,Undrafted
Duje Dukan,Wisconsin,Croatia,Undrafted
Duncan Robinson,Michigan,USA,Undrafted
Dusty Hannahs,Arkansas,USA,Undrafted
Dwayne Bacon,Florida State,USA,2017
Dwayne Jones,Saint Joseph's,USA,Undrafted
Dwight Buycks,Marquette,USA,Undrafted
Dwight Howard,,USA,2004
Dwight Powell,Stanford,Canada,2014
Dwyane Wade,Marquette,USA,2003
Dylan Windler,Belmont,USA,2019
Dyson Daniels,,Australia,2022
Dzanan Musa,,Bosnia and Herzegovina,2018
E'Twaun Moore,Purdue,USA,2011
Earl Barron,Memphis,USA,Undrafted
Earl Boykins,Eastern Michigan,USA,Undrafted
Earl Clark,Louisville,USA,2009
Earl Watson,UCLA,USA,2001
Ed Davis,North Carolina,USA,2010
Eddie Basden,North Carolina-Charlotte,USA,Undrafted
Eddie Gill,Weber State,USA,Undrafted
Eddie Griffin,Seton Hall,USA,2001
Eddie House,Arizona State,USA,2000
Eddie Jones,Temple,USA,1994
Eddy Curry,,USA,2001
Edmond Sumner,Xavier,USA,2017
Eduardo Najera,Oklahoma,Mexico,2000
Edwin Ubiles,Siena,Puerto Rico,Undrafted
Edy Tavares,,Cabo Verde,2014
Ekpe Udoh,Baylor,USA,2010
Elfrid Payton,Louisiana-Lafayette,USA,2014
Elias Harris,Gonzaga,Germany,Undrafted
Elie Okobo,,France,2018
Elijah Bryant,Brigham Young,USA,Undrafted
Elijah Hughes,Syracuse,USA,2020
Elijah Millsap,Alabama-Birmingham,USA,Undrafted
Elliot Williams,Memphis,USA,2010
Elton Brand,Duke,USA,1999
Emanuel Terry,,USA,Undrafted
Emeka Okafor,Connecticut,USA,2004
Emmanuel Mudiay,,Democratic Republic of the Congo,2015
Enes Freedom,,Turkey,2011
Enes Kanter,Kentucky,Turkey,2011
Eric Bledsoe,Kentucky,USA,2010
Eric Dawson,Midwestern State,USA,Undrafted
Eric Gordon,Indiana,USA,2008
Eric Maynor,Virginia Commonwealth,USA,2009
Eric Mika,Brigham Young,USA,2017
Eric Moreland,Oregon State,USA,Undrafted
Eric Paschall,Villanova,USA,2019
Eric Piatkowski,Nebraska,USA,1994
Eric Snow,Michigan State,USA,1995
Eric Williams,Providence,USA,1995
Erick Dampier,Mississippi State,USA,1996
Erick Green,Virginia Tech,USA,2013
Erik McCree,Louisiana Tech,USA,Undrafted
Erik Murphy,Florida,USA,2013
Ersan Ilyasova,,Turkey,2005
Ervin Johnson,New Orleans,USA,1993
Esteban Batista,,Uruguay,Undrafted
Etan Thomas,Syracuse,USA,2000
Eugene Omoruyi,Oregon,Nigeria,Undrafted
Evan Fournier,,France,2012
Evan Mobley,Southern California,USA,2021
Evan Turner,Ohio State,USA,2010
Fab Melo,Syracuse,Brazil,2012
Fabricio Oberto,,Argentina,Undrafted
Facundo Campazzo,,Argentina,Undrafted
Feron Hunt,Southern Methodist,USA,Undrafted
Festus Ezeli,Vanderbilt,Nigeria,2012
Flip Murray,Shaw,USA,2002
Francisco Elson,California,Netherlands,1999
Francisco Garcia,Louisville,Dominican Republic,2005
Frank Jackson,Duke,USA,2017
Frank Kaminsky,Wisconsin,USA,2015
Frank Mason,Kansas,USA,2017
Frank Ntilikina,,France,2017
Franz Wagner,Michigan,Germany,2021
Fred Jones,Oregon,USA,2002
Fred VanVleet,Wichita State,USA,Undrafted
Freddie Gillespie,Baylor,USA,Undrafted
Furkan Aldemir,,Turkey,2012
Furkan Korkmaz,,Turkey,2016
Gabe Pruitt,Southern California,USA,2007
Gabe Vincent,California-Santa Barbara,USA,Undrafted
Gabe York,Arizona,USA,Undrafted
Gabriel Deck,,Argentina,Undrafted
Gabriel Lundberg,,Denmark,Undrafted
Gal Mekel,Wichita State,Israel,Undrafted
Gani Lawal,Georgia Tech,USA,2010
Garret Siler,Augusta State,USA,Undrafted
Garrett Temple,Louisiana State,USA,Undrafted
Garrison Mathews,Lipscomb,USA,Undrafted
Gary Clark,,USA,Undrafted
Gary Forbes,Massachusetts,Panama,Undrafted
Gary Harris,Michigan State,USA,2014
Gary Neal,Towson,USA,Undrafted
Gary Payton,Oregon State,USA,1990
Gary Payton II,Oregon State,USA,Undrafted
Gary Trent Jr.,,USA,Undrafted
George Hill,Indiana Purdue-Indianapolis,USA,2008
George King,University of Colorado Boulder,USA,2018
Georges Niang,Iowa State,USA,2016
Georgios Kalaitzakis,,Greece,2021
Georgios Papagiannis,,Greece,2016
Gerald Fitch,Kentucky,USA,Undrafted
Gerald Green,,USA,2005
Gerald Henderson,Duke,USA,2009
Gerald Wallace,Alabama,USA,2001
Gian Clavell,Colorado State,Puerto Rico,Undrafted
Giannis Antetokounmpo,,Greece,2013
Gigi Datome,,Italy,Undrafted
Gilbert Arenas,Arizona,USA,2001
Glen Davis,Louisiana State,USA,2007
Glen Rice,Georgia Tech,USA,2013
Glenn Robinson III,Michigan,USA,2014
Goga Bitadze,,Georgia,2019
Goran Dragic,,Slovenia,2008
Gordan Giricek,,Croatia,1999
Gordon Hayward,Butler,USA,2010
Gorgui Dieng,Louisville,Senegal,2013
Grant Hill,Duke,USA,1994
Grant Jerrett,Arizona,USA,2013
Grant Riller,College of Charleston,USA,2020
Grant Williams,Tennessee,USA,2019
Grayson Allen,Duke,USA,2018
Greg Brown III,Texas-Austin,USA,2021
Greg Buckner,Clemson,USA,1998
Greg Monroe,Georgetown,USA,2010
Greg Oden,Ohio State,USA,2007
Greg Ostertag,Kansas,USA,1995
Greg Smith,Fresno State,USA,Undrafted
Greg Stiemsma,Wisconsin,USA,Undrafted
Greg Whittington,Georgetown,USA,Undrafted
Greivis Vasquez,Maryland,Venezuela,2010
Guerschon Yabusele,,France,2016
Guillermo Diaz,Miami (FL),USA,2006
Gustavo Ayon,,Mexico,Undrafted
Ha Ha,Yonsei (KOR),South Korea,2004
Hakim Warrick,Syracuse,USA,2005
Hamady Ndiaye,Rutgers,Senegal,2010
Hamed Haddadi,,Iran,Undrafted
Hamidou Diallo,Kentucky,USA,2018
Harrison Barnes,North Carolina,USA,2012
Harry Giles III,Duke,USA,2017
Hasheem Thabeet,Connecticut,Tanzania,2009
Hassan Adams,Arizona,USA,2006
Hassan Whiteside,Marshall,USA,2010
Hassani Gravett,South Carolina,USA,2019
Haywood Highsmith,,USA,Undrafted
Hedo Turkoglu,,Turkey,2000
Henry Ellenson,Marquette,USA,2016
Henry Sims,Georgetown,USA,Undrafted
Henry Walker,Kansas State,USA,2008
Herbert Jones,Alabama,USA,2021
Hilton Armstrong,Connecticut,USA,2006
Hollis Thompson,Georgetown,USA,Undrafted
Howard Eisley,Boston College,USA,1994
Ian Clark,Belmont,USA,Undrafted
Ian Mahinmi,,France,2005
Ignas Brazdeikis,Michigan,Canada,2019
Ike Anigbogu,UCLA,USA,2017
Ike Diogu,Arizona State,USA,2005
Iman Shumpert,Georgia Tech,USA,2011
Ime Udoka,Portland State,USA,Undrafted
Immanuel Quickley,Kentucky,USA,2020
Ira Newble,Miami (OH),USA,Undrafted
Isaac Bonga,,Germany,2018
Isaac Humphries,Kentucky,Australia,Undrafted
Isaac Okoro,Auburn,USA,2020
Isaiah Briscoe,,USA,Undrafted
Isaiah Canaan,Murray State,USA,2013
Isaiah Hartenstein,,Germany,2017
Isaiah Hicks,North Carolina,USA,Undrafted
Isaiah Jackson,Kentucky,USA,2021
Isaiah Joe,Arkansas,USA,2020
Isaiah Livers,Michigan,USA,2021
Isaiah Mobley,Southern California,USA,2022
Isaiah Roby,Nebraska-Lincoln,USA,2019
Isaiah Stewart,Washington,USA,2020
Isaiah Taylor,Texas,USA,Undrafted
Isaiah Thomas,Washington,USA,2011
Isaiah Todd,,USA,2021
Isaiah Whitehead,Seton Hall,USA,2016
Ish Smith,Wake Forest,USA,Undrafted
Ish Wainright,Baylor,USA,Undrafted
Ivan Johnson,Cal State-San Bernardino,USA,Undrafted
Ivan McFarlin,Oklahoma State,USA,Undrafted
Ivan Rabb,"University of California, Berkeley",USA,2017
Ivica Zubac,,Croatia,2016
J.J. Barea,Northeastern,Puerto Rico,Undrafted
J.P. Macura,Xavier,USA,Undrafted
J.R. Giddens,New Mexico,USA,2008
JD Davison,Alabama,USA,2022
JJ Hickson,North Carolina State,USA,2008
JJ O'Brien,San Diego State,USA,Undrafted
JJ Redick,Duke,USA,2006
JR Smith,,USA,2004
JT Thor,Auburn,USA,2021
Ja Morant,Murray State,USA,2019
JaJuan Johnson,Purdue,USA,2011
JaKarr Sampson,St. John's (NY),USA,Undrafted
JaMychal Green,Alabama,USA,Undrafted
JaQuori McLaughlin,Cal-Santa Barbara,USA,Undrafted
JaVale McGee,Nevada,USA,2008
Jabari Bird,California,USA,2017
Jabari Brown,Missouri,USA,Undrafted
Jabari Parker,Duke,USA,2014
Jabari Smith Jr.,Auburn,USA,2022
Jabari Walker,Colorado,USA,2022
Jack Cooley,Notre Dame,USA,Undrafted
Jack White,Duke,Australia,Undrafted
Jackie Butler,Southern Illinois,USA,Undrafted
Jackson Vroman,Iowa State,USA,2004
Jacob Evans,Cincinnati,USA,2018
Jacob Gilyard,Richmond,USA,Undrafted
Jacob Pullen,Kansas State,USA,Undrafted
Jacob Wiley,Eastern Washington,USA,Undrafted
Jacque Vaughn,Kansas,USA,1997
Jaden Hardy,,USA,2022
Jaden Ivey,Purdue,USA,2022
Jaden McDaniels,Washington,USA,2020
Jaden Springer,Tennessee,USA,2021
Jae Crowder,Marquette,USA,2012
Jae'Sean Tate,Ohio State,USA,Undrafted
Jahlil Okafor,Duke,USA,2015
Jahmi'us Ramsey,Texas Tech,USA,2020
Jaime Echenique,Wichita State,Colombia,Undrafted
Jake LaRavia,Wake Forest,USA,2022
Jake Layman,Maryland,USA,2016
Jake Tsakalidis,,Greece,2000
Jake Voskuhl,Connecticut,USA,2000
Jakob Poeltl,Utah,Austria,2016
Jalen Brunson,Villanova,USA,2018
Jalen Duren,Memphis,USA,2022
Jalen Green,,USA,2021
Jalen Harris,Nevada,USA,2020
Jalen Johnson,Duke,USA,2021
Jalen Jones,Texas A&M,USA,Undrafted
Jalen Lecque,,USA,Undrafted
Jalen McDaniels,San Diego State,USA,2019
Jalen Rose,Michigan,USA,1994
Jalen Smith,Maryland,USA,2020
Jalen Suggs,Gonzaga,USA,2021
Jalen Williams,Santa Clara,USA,2022
Jamaal Franklin,San Diego State,USA,2013
Jamaal Magloire,Kentucky,Canada,2000
Jamaal Tinsley,Iowa State,USA,2001
Jamal Cain,Oakland,USA,Undrafted
Jamal Crawford,Michigan,USA,2000
Jamal Murray,Kentucky,Canada,2016
Jamal Sampson,California,USA,2002
Jamaree Bouyea,San Francisco,USA,Undrafted
Jamario Moon,Meridian Community College,USA,Undrafted
Jameel Warney,"Stony Brook, N.Y.",USA,Undrafted
Jameer Nelson,Saint Joseph's,USA,2004
Jamel Artis,Pittsburgh,USA,Undrafted
James Anderson,Oklahoma State,USA,2010
James Augustine,Illinois,USA,2006
James Bouknight,Connecticut,USA,2021
James Ennis III,Long Beach State,USA,2013
James Harden,Arizona State,USA,2009
James Johnson,Wake Forest,USA,2009
James Jones,Miami (FL),USA,2003
James Lang,,USA,2003
James Michael McAdoo,North Carolina,USA,Undrafted
James Nunnally,California-Santa Barbara,USA,Undrafted
James Posey,Xavier,USA,1999
James Singleton,Murray State,USA,Undrafted
James Southerland,Syracuse,USA,Undrafted
James Thomas,Texas,USA,Undrafted
James Webb III,Boise State,USA,Undrafted
James White,Cincinnati,USA,2006
James Wiseman,Memphis,USA,2020
James Young,Kentucky,USA,2014
JamesOn Curry,Oklahoma State,USA,2007
Jamil Wilson,Marquette,USA,Undrafted
Jamorko Pickett,Georgetown,USA,Undrafted
Jan Vesely,,Czech Republic,2011
Jannero Pargo,Arkansas,USA,Undrafted
Jared Butler,Baylor,USA,2021
Jared Cunningham,Oregon State,USA,2012
Jared Dudley,Boston College,USA,2007
Jared Harper,Auburn,USA,Undrafted
Jared Jeffries,Indiana,USA,2002
Jared Reiner,Iowa,USA,Undrafted
Jared Rhoden,Seton Hall,USA,Undrafted
Jared Sullinger,Ohio State,USA,2012
Jared Terrell,Rhode Island,USA,Undrafted
Jarell Eddie,Virginia Tech,USA,Undrafted
Jarell Martin,Louisiana State,USA,2015
Jaren Jackson Jr.,Michigan State,USA,2018
Jarnell Stokes,Tennessee,USA,2014
Jaron Blossomgame,Clemson,USA,2017
Jarred Vanderbilt,Kentucky,USA,2018
Jarrell Brantley,College of Charleston,USA,2019
Jarrett Allen,Texas,USA,2017
Jarrett Culver,Texas Tech,USA,2019
Jarrett Jack,Georgia Tech,USA,2005
Jarrod Uthoff,Iowa,USA,Undrafted
Jarron Collins,Stanford,USA,2001
Jarron Cumberland,Cincinnati,USA,Undrafted
Jarvis Hayes,Georgia,USA,2003
Jarvis Varnado,Mississippi State,USA,2010
Jason Collins,Stanford,USA,2001
Jason Hart,Syracuse,USA,2000
Jason Kapono,UCLA,USA,2003
Jason Kidd,California,USA,1994
Jason Maxiell,Cincinnati,USA,2005
Jason Preston,Ohio,USA,2021
Jason Richardson,Michigan State,USA,2001
Jason Smith,Colorado State,USA,2007
Jason Terry,Arizona,USA,1999
Jason Thompson,Rider,USA,2008
Jason Williams,Florida,USA,1998
Javaris Crittenton,Georgia Tech,USA,2007
Javin DeLaurier,Duke,USA,Undrafted
Javonte Green,Radford,USA,Undrafted
Javonte Smart,Louisiana State,USA,Undrafted
Jawad Williams,North Carolina,USA,Undrafted
Jawun Evans,Oklahoma State,USA,2017
Jaxson Hayes,Texas-Austin,USA,2019
Jay Huff,Virginia,USA,Undrafted
Jay Scrubb,                                   ,USA,2020
Jaylen Adams,St. Bonaventure,USA,Undrafted
Jaylen Brown,California,USA,2016
Jaylen Hoard,Wake Forest,France,Undrafted
Jaylen Morris,Molloy,USA,Undrafted
Jaylen Nowell,Washington,USA,2019
Jaylin Williams,Arkansas,USA,2022
Jaysean Paige,West Virginia,USA,Undrafted
Jayson Tatum,Duke,USA,2017
Jeenathan Williams,Buffalo,USA,Undrafted
Jeff Adrien,Connecticut,USA,Undrafted
Jeff Ayres,Arizona State,USA,2009
Jeff Dowtin,Rhode Island,USA,Undrafted
Jeff Dowtin Jr.,Rhode Island,USA,Undrafted
Jeff Foote,Cornell,USA,Undrafted
Jeff Foster,Texas State,USA,1999
Jeff Green,Georgetown,USA,2007
Jeff McInnis,North Carolina,USA,1996
Jeff Teague,Wake Forest,USA,2009
Jeff Withey,Kansas,USA,2013
Jeffery Taylor,Vanderbilt,Sweden,2012
Jelani McCoy,UCLA,USA,1998
Jemerrio Jones,,USA,Undrafted
Jerami Grant,Syracuse,USA,2014
Jerel McNeal,Marquette,USA,Undrafted
Jeremiah Martin,Memphis,USA,Undrafted
Jeremiah Robinson-Earl,Villanova,USA,2021
Jeremy Evans,Western Kentucky,USA,2010
Jeremy Lamb,Connecticut,USA,2012
Jeremy Lin,Harvard,USA,Undrafted
Jeremy Pargo,Gonzaga,USA,Undrafted
Jeremy Richardson,Delta State,USA,Undrafted
Jeremy Sochan,Baylor,Poland,2022
Jeremy Tyler,,USA,2011
Jerian Grant,Notre Dame,USA,2015
Jericho Sims,Texas-Austin,USA,2021
Jermaine Jackson,Detroit Mercy,USA,Undrafted
Jermaine O'Neal,,USA,1996
Jermaine Taylor,Central Florida,USA,2009
Jermareo Davidson,Alabama,USA,2007
Jerome Dyson,Connecticut,USA,Undrafted
Jerome James,Florida A&M,USA,1998
Jerome Jordan,Tulsa,Jamaica,2010
Jerome Robinson,Boston College,USA,2018
Jerrelle Benimon,,USA,Undrafted
Jerry Smith,Louisville,USA,1963
Jerry Stackhouse,North Carolina,USA,1995
Jerryd Bayless,Arizona,USA,2008
Jevon Carter,West Virginia,USA,2018
Jim Jackson,Ohio State,USA,1992
Jimmer Fredette,Brigham Young,USA,2011
Jimmy Butler,Marquette,USA,2011
Jiri Welsch,,Czech Republic,2002
Joakim Noah,Florida,USA,2007
Jock Landale,,Australia,Undrafted
Jodie Meeks,Kentucky,USA,2009
Joe Alexander,West Virginia,USA,2008
Joe Chealey,College of Charleston,USA,Undrafted
Joe Crawford,Kentucky,USA,2008
Joe Harris,Virginia,USA,2014
Joe Ingles,,Australia,Undrafted
Joe Johnson,Arkansas,USA,2001
Joe Smith,Maryland,USA,1995
Joe Wieskamp,Iowa,USA,2021
Joe Young,Oregon,USA,2015
Joel Anthony,Nevada-Las Vegas,Canada,Undrafted
Joel Ayayi,Gonzaga,France,Undrafted
Joel Bolomboy,Weber State,Ukraine,2016
Joel Embiid,Kansas,Cameroon,2014
Joel Freeland,,Great Britain,2006
Joel Przybilla,Minnesota,USA,2000
Joey Dorsey,Memphis,USA,2008
Joey Graham,Oklahoma State,USA,2005
Joffrey Lauvergne,,France,2013
Johan Petro,,France,2005
John Butler Jr.,Florida State,USA,Undrafted
John Collins,Wake Forest,USA,2017
John Edwards,Kent State,USA,Undrafted
John Henson,North Carolina,USA,2012
John Holland,Boston U.,USA,Undrafted
John Jenkins,Vanderbilt,USA,2012
John Konchar,Indiana-Purdue Fort Wayne,USA,Undrafted
John Lucas III,Oklahoma State,USA,Undrafted
John Salmons,Miami (FL),USA,2002
John Thomas,Minnesota,USA,1997
John Wall,Kentucky,USA,2010
Johnathan Motley,Baylor,USA,Undrafted
Johnathan Williams,Gonzaga,USA,Undrafted
Johnny Davis,Wisconsin,USA,2022
Johnny Juzang,UCLA,USA,Undrafted
Johnny O'Bryant III,Louisiana State,USA,2014
Jon Barry,Georgia Tech,USA,1992
Jon Brockman,Washington,USA,2009
Jon Leuer,Wisconsin,USA,2011
Jon Teske,Michigan,USA,Undrafted
Jonah Bolden,,Australia,2017
Jonas Jerebko,,Sweden,2009
Jonas Valanciunas,,Lithuania,2011
Jonathan Bender,,USA,1999
Jonathan Gibson,New Mexico State,USA,Undrafted
Jonathan Isaac,Florida State,USA,2017
Jonathan Kuminga,,DRC,2021
Jonathon Simmons,Houston,USA,Undrafted
Jonny Flynn,Syracuse,USA,2009
Jontay Porter,Missouri,USA,Undrafted
Jordan Adams,UCLA,USA,2014
Jordan Bell,Oregon,USA,2017
Jordan Bone,Tennessee,USA,2019
Jordan Clarkson,Missouri,USA,2014
Jordan Crawford,Xavier,USA,2010
Jordan Farmar,UCLA,USA,2006
Jordan Goodwin,St. Louis,USA,Undrafted
Jordan Hall,St. Joseph's (PA),USA,Undrafted
Jordan Hamilton,Texas,USA,2011
Jordan Hill,Arizona,USA,2009
Jordan Loyd,,USA,Undrafted
Jordan McLaughlin,Southern California,USA,Undrafted
Jordan McRae,Tennessee,USA,2014
Jordan Mickey,Louisiana State,USA,2015
Jordan Nwora,Louisville,USA,2020
Jordan Poole,Michigan,USA,2019
Jordan Schakel,San Diego State,USA,Undrafted
Jordan Sibert,University of Dayton,USA,Undrafted
Jordan Williams,Maryland,USA,2011
Jorge Garbajosa,,USA,Undrafted
Jorge Gutierrez,California-Berkeley,Mexico,Undrafted
Jose Alvarado,Georgia Tech,USA,Undrafted
Jose Calderon,,Spain,Undrafted
Josh Akognon,Cal State-Fullerton,USA,Undrafted
Josh Boone,Connecticut,USA,2006
Josh Childress,Stanford,USA,2004
Josh Christopher,Arizona State,USA,2021
Josh Davis,Wyoming,USA,Undrafted
Josh Giddey,,Australia,2021
Josh Gray,,USA,Undrafted
Josh Green,Arizona,Australia,2020
Josh Hall,,USA,Undrafted
Josh Harrellson,Kentucky,USA,2011
Josh Hart,Villanova,USA,2017
Josh Howard,Wake Forest,USA,2003
Josh Huestis,Stanford,USA,2014
Josh Jackson,Kansas,USA,2017
Josh Magette,Alabama Huntsville,USA,Undrafted
Josh McRoberts,Duke,USA,2007
Josh Minott,Memphis,USA,2022
Josh Okogie,Georgia Institute of Technology,Nigeria,2018
Josh Powell,North Carolina State,USA,Undrafted
Josh Reaves,Penn State,USA,Undrafted
Josh Richardson,Tennessee,USA,2015
Josh Selby,Kansas,USA,2011
Josh Smith,,USA,2004
Joshua Primo,Alabama,Canada,2021
Jrue Holiday,UCLA,USA,2009
Juan Carlos Navarro,,Spain,2002
Juan Dixon,Maryland,USA,2002
Juan Toscano-Anderson,Marquette,USA,Undrafted
Juancho Hernangomez,,Spain,2016
Julian Champagnie,St. John's,USA,Undrafted
Julian Washburn,Texas-El Paso,USA,Undrafted
Julian Wright,Kansas,USA,2007
Julius Hodge,North Carolina State,USA,2005
Julius Randle,Kentucky,USA,2014
Julyan Stone,Texas-El Paso,USA,Undrafted
Jumaine Jones,Georgia,USA,1999
Junior Harrington,Wingate,USA,Undrafted
Justin Anderson,Virginia,USA,2015
Justin Champagnie,Pittsburgh,USA,Undrafted
Justin Dentmon,Washington,USA,Undrafted
Justin Hamilton,Louisiana State,USA,2012
Justin Harper,Richmond,USA,2011
Justin Holiday,Washington,USA,Undrafted
Justin Jackson,North Carolina,USA,2017
Justin James,Wyoming,USA,2019
Justin Minaya,Providence,USA,Undrafted
Justin Patton,Creighton,USA,2017
Justin Reed,Mississippi,USA,2004
Justin Robinson,Virginia Tech ,USA,2019
Justin Williams,Wyoming,USA,Undrafted
Justin Wright-Foreman,Hofstra,USA,2019
Justise Winslow,Duke,USA,2015
Jusuf Nurkic,,Bosnia & Herzegovina,2014
Juwan Howard,Michigan,USA,1994
Juwan Morgan,Indiana,USA,Undrafted
KJ McDaniels,Clemson,USA,2014
KZ Okpala,Stanford,USA,2019
Kadeem Allen,Arizona,USA,2017
Kai Jones,Texas-Austin,Bahamas,2021
Kalin Lucas,Michigan State,USA,Undrafted
Kaniel Dickens,Idaho,USA,2000
Kareem Rush,Missouri,USA,2002
Karim Mane,,Senegal,Undrafted
Karl-Anthony Towns,Kentucky,USA,2015
Kasib Powell,Texas Tech,USA,Undrafted
Kawhi Leonard,San Diego State,USA,2011
Kay Felder,,USA,2016
Keegan Murray,Iowa,USA,2022
Keifer Sykes,Wisc.-Green Bay,USA,Undrafted
Keita Bates-Diop,Ohio State,USA,2018
Keith Appling,Michigan State,USA,Undrafted
Keith Benson,Oakland,USA,2011
Keith Bogans,Kentucky,USA,2003
Keith Langford,Kansas,USA,Undrafted
Keith McLeod,Bowling Green,USA,Undrafted
Keith Van Horn,Utah,USA,1997
Kelan Martin,Butler,USA,Undrafted
Keldon Johnson,Kentucky,USA,2019
Kelenna Azubuike,Kentucky,England,Undrafted
Keljin Blevins,Montana State,USA,2019
Kelly Olynyk,Gonzaga,Canada,2013
Kelly Oubre Jr.,Kansas,USA,2015
Kelvin Cato,Iowa State,USA,1997
Kemba Walker,Connecticut,USA,2011
Kendall Brown,Baylor,USA,2022
Kendall Marshall,North Carolina,USA,2012
Kendrick Nunn,Oakland,USA,Undrafted
Kendrick Perkins,,USA,2003
Kennedy Chandler,Tennessee,USA,2022
Kenneth Faried,Morehead State,USA,2011
Kenneth Lofton Jr.,Louisiana Tech,USA,Undrafted
Kenny Thomas,New Mexico,USA,1999
Kenrich Williams,,USA,Undrafted
Kent Bazemore,Old Dominion,USA,Undrafted
Kentavious Caldwell-Pope,Georgia,USA,2013
Kenyon Martin,Cincinnati,USA,2000
Kenyon Martin Jr.,,USA,2020
Keon Ellis,Alabama,USA,Undrafted
Keon Johnson,Tennessee,USA,2021
Kessler Edwards,Pepperdine,USA,2021
Kevin Burleson,Minnesota,USA,Undrafted
Kevin Durant,Texas,USA,2007
Kevin Garnett,,USA,1995
Kevin Hervey,Texas-Arlington,USA,2018
Kevin Huerter,Maryland,USA,2018
Kevin Jones,West Virginia,USA,Undrafted
Kevin Knox II,Kentucky,USA,2018
Kevin Love,UCLA,USA,2008
Kevin Martin,Western Carolina,USA,2004
Kevin Murphy,Tennessee Tech,USA,2012
Kevin Ollie,Connecticut,USA,Undrafted
Kevin Pangos,Gonzaga,Canada,Undrafted
Kevin Porter Jr.,Southern California,USA,2019
Kevin Seraphin,Le Moyne,France,2010
Kevin Willis,Michigan State,USA,1984
Kevinn Pinkney,Nevada,USA,Undrafted
Kevon Harris,Stephen F. Austin,USA,Undrafted
Kevon Looney,UCLA,USA,2015
Keyon Dooling,Missouri,USA,2000
Khem Birch,UNLV,Canada,Undrafted
Khris Middleton,Texas A&M,USA,2012
Khyri Thomas,Creighton,USA,2018
Killian Hayes,,France,2020
Killian Tillie,Gonzaga,France,Undrafted
Kim English,Missouri,USA,2012
Kira Lewis Jr.,Alabama,USA,2020
Kirk Hinrich,Kansas,USA,2003
Kirk Snyder,Nevada,USA,2004
Klay Thompson,Washington State,USA,2011
Kobe Bryant,,USA,1996
Kobi Simmons,Arizona,USA,Undrafted
Kosta Koufos,Ohio State,USA,2008
Kosta Perovic,,USA,2006
Kostas Antetokounmpo,University of Dayton,Greece,2018
Kostas Papanikolaou,,Greece,2012
Kris Dunn,Providence,USA,2016
Kris Humphries,Minnesota,USA,2004
Kris Joseph,Syracuse,USA,2012
Kristaps Porzingis,,Latvia,2015
Kurt Thomas,Texas Christian,USA,1995
Kwame Brown,,USA,2001
Ky Bowman,Boston College,USA,Undrafted
Kyle Alexander,Tennessee,Canada,Undrafted
Kyle Anderson,UCLA,USA,2014
Kyle Collinsworth,Brigham Young,USA,Undrafted
Kyle Guy,Virginia,USA,2019
Kyle Korver,Creighton,USA,2003
Kyle Kuzma,Utah,USA,2017
Kyle Lowry,Villanova,USA,2006
Kyle O'Quinn,Norfolk State,USA,2012
Kyle Singler,Duke,USA,2011
Kyle Weaver,Washington State,USA,2008
Kyle Wiltjer,Gonzaga,Canada,Undrafted
Kyrie Irving,Duke,Australia,2011
Kyrylo Fesenko,,Ukraine,2007
LaMarcus Aldridge,Texas,USA,2006
LaMelo Ball,,USA,2020
Lamar Odom,Rhode Island,USA,1999
Lamar Patterson,Pittsburgh,USA,2014
Lamar Stevens,Penn State,USA,Undrafted
Lamond Murray,California,USA,1994
Lance Allred,Weber State,USA,Undrafted
Lance Stephenson,Cincinnati,USA,2010
Lance Thomas,Duke,USA,Undrafted
Landry Fields,Stanford,USA,2010
Landry Shamet,Wichita State,USA,2018
Langston Galloway,Saint Joseph's,USA,Undrafted
Laron Profit,Maryland,USA,1999
Larry Drew II,UCLA,USA,Undrafted
Larry Hughes,Saint Louis,USA,1998
Larry Nance Jr.,Wyoming,USA,2015
Larry Owens,Oral Roberts,USA,Undrafted
Larry Sanders,Virginia Commonwealth,USA,2010
Lauri Markkanen,Arizona,Finland,2017
Lavoy Allen,Temple,USA,2011
Lawrence Roberts,Mississippi State,USA,2005
Lazar Hayward,Marquette,USA,2010
LeBron James,,USA,2003
Leandro Barbosa,,Brazil,2003
Leandro Bolmaro,,Argentina,2020
Lee Nailon,Texas Christian,USA,1999
Leon Powe,California,USA,2006
Lester Hudson,Tennessee-Martin,USA,2009
Lester Quinones,Memphis,USA,Undrafted
Linas Kleiza,Missouri,Lithuania,2005
Lindell Wigginton,Iowa State,Canada,2019
Lindsey Hunter,Jackson State,USA,1993
Lindy Waters III,Oklahoma State,USA,Undrafted
Linton Johnson,Tulane,USA,Undrafted
London Perrantes,Virginia,USA,Undrafted
Lonnie Walker IV,Miami,USA,2018
Lonny Baxter,Maryland,USA,2002
Lonzo Ball,UCLA,USA,2017
Loren Woods,Arizona,USA,2001
Lorenzen Wright,Memphis,USA,1996
Lorenzo Brown,North Carolina State,USA,2013
Lou Amundson,Nevada-Las Vegas,USA,Undrafted
Lou Williams,,USA,2005
Louis King,Oregon,USA,Undrafted
Luc Mbah a Moute,UCLA,Cameroon,2008
Lucas Nogueira,,Brazil,2013
Luguentz Dort,Arizona State,Canada,Undrafted
Luis Montero,Westchester CC NY,Dominican Republic,Undrafted
Luis Scola,,Argentina,2002
Luka Doncic,,Slovenia,2018
Luka Garza,Iowa,USA,2021
Luka Samanic,,Croatia,2019
Luke Babbitt,Nevada,USA,2010
Luke Harangody,Notre Dame,USA,2010
Luke Jackson,Oregon,USA,2004
Luke Kennard,Duke,USA,2017
Luke Kornet,Vanderbilt,USA,Undrafted
Luke Ridnour,Oregon,USA,2003
Luke Schenscher,Georgia Tech,USA,Undrafted
Luke Walton,Arizona,USA,2003
Luke Zeller,Notre Dame,USA,Undrafted
Luol Deng,Duke,United Kingdom,2004
Luther Head,Illinois,USA,2005
Lynn Greer,Temple,USA,Undrafted
M.J. Walker,Florida State,USA,Undrafted
Maalik Wayns,Villanova,USA,Undrafted
Mac McClung,Texas Tech,USA,Undrafted
Maceo Baston,Michigan,USA,1998
Maciej Lampe,,Poland,2003
Malachi Flynn,San Diego State,USA,2020
Malachi Richardson,Syracuse,USA,2016
Malaki Branham,Ohio State,USA,2022
Malcolm Brogdon,Virginia,USA,2016
Malcolm Delaney,Virginia Tech,USA,Undrafted
Malcolm Hill,Illinois,USA,Undrafted
Malcolm Lee,UCLA,USA,2011
Malcolm Miller,Holy Cross,USA,Undrafted
Malcolm Thomas,San Diego State,USA,Undrafted
Malik Allen,Villanova,USA,Undrafted
Malik Beasley,Florida State,USA,2016
Malik Fitts,,USA,Undrafted
Malik Hairston,Oregon,USA,2008
Malik Monk,Kentucky,USA,2017
Malik Newman,Kansas,USA,2018
Malik Rose,Drexel,USA,1996
Mamadi Diakite,Virginia,Guinea,Undrafted
Mangok Mathiang,Louisville,Australia,Undrafted
Manny Harris,Michigan,USA,Undrafted
Manu Ginobili,,Argentina,1999
MarJon Beauchamp,,USA,2022
MarShon Brooks,Providence,USA,2011
Marc Gasol,,Spain,2007
Marc Jackson,Temple,USA,1997
Marcelo Huertas,,Brazil,Undrafted
Marcin Gortat,,Poland,2005
Marco Belinelli,,Italy,2007
Marcus Banks,Nevada-Las Vegas,USA,2003
Marcus Camby,Massachusetts,USA,1996
Marcus Cousin,Houston,USA,Undrafted
Marcus Derrickson,,USA,Undrafted
Marcus Fizer,Iowa State,USA,2000
Marcus Garrett,Kansas,USA,Undrafted
Marcus Georges-Hunt,Georgia Tech,USA,Undrafted
Marcus Haislip,Tennessee,USA,2002
Marcus Landry,Wisconsin,USA,Undrafted
Marcus Morris,Kansas,USA,2011
Marcus Morris Sr.,Kansas,USA,2011
Marcus Paige,North Carolina,USA,2016
Marcus Smart,Oklahoma State,USA,2014
Marcus Thornton,Louisiana State,USA,2009
Marcus Vinicius,,USA,2006
Marcus Williams,Connecticut,USA,2006
Mardy Collins,Temple,USA,2006
Marial Shayok,Iowa State,Canada,2019
Mario Chalmers,Kansas,USA,2008
Mario Hezonja,,Croatia,2015
Mario Kasun,,Croatia,2002
Mario West,Georgia Tech,USA,Undrafted
Mark Blount,Pittsburgh,USA,1997
Mark Madsen,Stanford,USA,2000
Mark Williams,Duke,USA,2022
Markel Brown,Oklahoma State,USA,2014
Markelle Fultz,Washington,USA,2017
Markieff Morris,Kansas,USA,2011
Marko Guduric,,Serbia,Undrafted
Marko Jaric,,Serbia,2000
Marko Simonovic,,Montenegro,2020
Markus Howard,Marquette,USA,Undrafted
Marques Bolden,Duke,USA,2019
Marquese Chriss,Washington,USA,2016
Marquis Daniels,Auburn,USA,Undrafted
Marquis Teague,Kentucky,USA,2012
Marreese Speights,Florida,USA,2008
Marshall Plumlee,Duke,USA,Undrafted
Martell Webster,,USA,2005
Martynas Andriuskevicius,,Lithuania,2005
Marvin Bagley III,Duke,USA,2018
Marvin Williams,North Carolina,USA,2005
Mason Jones,Arkansas,USA,Undrafted
Mason Plumlee,Duke,USA,2013
Mateen Cleaves,Michigan State,USA,2000
Matisse Thybulle,Washington,USA,2019
Matt Barnes,UCLA,USA,2002
Matt Bonner,Florida,USA,2003
Matt Carroll,Notre Dame,USA,Undrafted
Matt Costello,Michigan State,USA,Undrafted
Matt Freije,Vanderbilt,USA,2004
Matt Harpring,Georgia Tech,USA,1998
Matt Mooney,Texas Tech,USA,Undrafted
Matt Ryan,Tennessee-Chattanooga,USA,Undrafted
Matt Thomas,Iowa State,USA,Undrafted
Matt Walsh,Florida,USA,Undrafted
Matt Williams Jr.,Central Florida,USA,Undrafted
Matthew Dellavedova,Saint Mary's (CA),Australia,Undrafted
Maurice Ager,Michigan State,USA,2006
Maurice Evans,Texas,USA,Undrafted
Maurice Harkless,St. John's (NY),USA,2012
Maurice Ndour,Ohio U.,Senegal,Undrafted
Maurice Taylor,Michigan,USA,1997
Max Christie,Michigan State,USA,2022
Max Strus,DePaul,USA,Undrafted
Maxi Kleber,,Germany,Undrafted
McKinley Wright IV,Colorado,USA,Undrafted
Mehmet Okur,,Turkey,2001
Melvin Ely,Fresno State,USA,2002
Melvin Frazier Jr.,Tulane,USA,2018
Melvin Sanders,Oklahoma State,USA,Undrafted
Metta World Peace,St. John's (NY),USA,1999
Meyers Leonard,Illinois,USA,2012
Mfiondu Kabengele,Florida State,Canada,2019
Micah Potter,Wisconsin,USA,Undrafted
Michael Beasley,Kansas State,USA,2008
Michael Bradley,Villanova,USA,2001
Michael Carter-Williams,Syracuse,USA,2013
Michael Doleac,Utah,USA,1998
Michael Finley,Wisconsin,USA,1995
Michael Foster Jr.,,USA,Undrafted
Michael Frazier II,Florida,USA,Undrafted
Michael Gbinije,Syracuse,USA,2016
Michael Kidd-Gilchrist,Kentucky,USA,2012
Michael Olowokandi,Pacific,Nigeria,1998
Michael Porter Jr.,Missouri,USA,2018
Michael Redd,Ohio State,USA,2000
Michael Ruffin,Tulsa,USA,1999
Michael Sweetney,Georgetown,USA,2003
Mickael Gelabale,,USA,2005
Mickael Pietrus,,France,2003
Mickell Gladness,Alabama A&M,USA,Undrafted
Mikal Bridges,Villanova,USA,2018
Mike Bibby,Arizona,USA,1998
Mike Conley,Ohio State,USA,2007
Mike Dunleavy,Duke,USA,2002
Mike Hall,George Washington,USA,Undrafted
Mike Harris,Rice,USA,Undrafted
Mike James,Duquesne,USA,Undrafted
Mike Miller,Florida,USA,2000
Mike Muscala,Bucknell,USA,2013
Mike Scott,Virginia,USA,2012
Mike Taylor,Iowa State,USA,2008
Mike Tobey,Virginia,USA,Undrafted
Mike Wilks,Rice,USA,Undrafted
Mikki Moore,Nebraska,USA,Undrafted
Mile Ilic,,USA,2005
Miles Bridges,Michigan State,USA,2018
Miles McBride,West Virginia,USA,2021
Miles Plumlee,Duke,USA,2012
Milos Teodosic,,Serbia,Undrafted
Milt Palacio,Colorado State,Belize,Undrafted
Milton Doyle,Loyola (IL),USA,Undrafted
Mindaugas Kuzminskas,,Lithuania,Undrafted
Miroslav Raduljica,,Serbia,Undrafted
Mirza Teletovic,,Bosnia,Undrafted
Mitch McGary,Michigan,USA,2014
Mitchell Creek,,Australia,Undrafted
Mitchell Robinson,,USA,2018
Miye Oni,Yale,USA,2019
Mo Bamba,University of Texas at Austin,USA,2018
Mo Williams,Alabama,USA,2003
Monta Ellis,,USA,2005
Monte Morris,Iowa State,USA,2017
Montrezl Harrell,Louisville,USA,2015
Moochie Norris,West Florida,USA,1996
Moritz Wagner,Michigan,Germany,2018
Morris Almond,Rice,USA,2007
Morris Peterson,Michigan State,USA,2000
Moses Brown,UCLA,USA,Undrafted
Moses Moody,Arkansas,USA,2021
Moses Wright,Georgia Tech,USA,Undrafted
Mouhamed Sene,,Senegal,2006
Moussa Diabate,Michigan,France,2022
Mustafa Shakur,Arizona,USA,Undrafted
Mychal Mulder,Kentucky,Canada,Undrafted
Mychel Thompson,Pepperdine,USA,Undrafted
Myke Henry,,USA,Undrafted
Myles Powell,Seton Hall,USA,Undrafted
Myles Turner,Texas,USA,2015
Naji Marshall,Xavier,USA,Undrafted
Nando De Colo,,France,2009
Nassir Little,North Carolina,USA,2019
Nate Darling,Delaware,Canada,Undrafted
Nate Hinton,Houston,USA,Undrafted
Nate Robinson,Washington,USA,2005
Nate Wolters,South Dakota State,USA,2013
Nathan Jawai,Midland,Australia,2008
Nathan Knight,William & Mary,USA,Undrafted
Naz Mitrou-Long,Iowa State,Canada,Undrafted
Naz Reid,Louisiana State,USA,Undrafted
Nazr Mohammed,Kentucky,USA,1998
Neemias Queta,Utah State,Portugal,2021
Nemanja Bjelica,,Serbia,2010
Nemanja Nedovic,,Serbia,2013
Nenad Krstic,,Serbia and Montenegro,2002
Nene,,Brazil,2002
Nerlens Noel,Kentucky,USA,2013
Nic Claxton,Georgia,USA,2019
Nick Calathes,Florida,USA,2009
Nick Collison,Kansas,USA,2003
Nick Fazekas,Nevada,USA,2007
Nick Johnson,Arizona,USA,2014
Nick Richards,Kentucky,Jamaica,2020
Nick Van Exel,Cincinnati,USA,1993
Nick Young,Southern California,USA,2007
Nickeil Alexander-Walker,Virginia Tech,Canada,2019
Nico Mannion,Arizona,Italy,2020
Nicolas Batum,,France,2008
Nicolas Brussino,,Argentina,Undrafted
Nicolas Claxton,Georgia,USA,2019
Nicolas Laprovittola,,Argentina,Undrafted
Nicolo Melli,,Italy,Undrafted
Nigel Hayes,Wisconsin,USA,Undrafted
Nigel Williams-Goss,Gonzaga,USA,2017
Nik Stauskas,Michigan,Canada,2014
Nikola Jokic,,Serbia,2014
Nikola Jovic,,Serbia,2022
Nikola Mirotic,,Montenegro,2011
Nikola Pekovic,,Montenegro,2008
Nikola Vucevic,Southern California,Montenegro,2011
Nikoloz Tskitishvili,,Georgia,2002
Noah Vonleh,Indiana,USA,2014
Noel Felix,Fresno State,USA,Undrafted
Nolan Smith,Duke,USA,2011
Norman Powell,UCLA,USA,2015
Norris Cole,Cleveland State,USA,2011
Norvel Pelle,Iona,USA,Undrafted
O.G. Anunoby,Indiana,United Kingdom,2017
O.J. Mayo,Southern California,USA,2008
OG Anunoby,Indiana,United Kingdom,2017
Obi Toppin,Dayton,USA,2020
Ochai Agbaji,Kansas,USA,2022
Ognjen Kuzmic,,Bosnia,2012
Okaro White,Florida State,USA,Undrafted
Oleksiy Pecherov,,Ukraine,2006
Oliver Lafayette,Houston,USA,Undrafted
Olivier Sarr,Kentucky,France,Undrafted
Omari Johnson,Oregon State,Jamaica,Undrafted
Omari Spellman,Villanova,USA,2018
Omer Asik,,Turkey,2008
Omer Yurtseven,Georgetown,Turkey,Undrafted
Omri Casspi,,Israel,2009
Onyeka Okongwu,Southern California,USA,2020
Orien Greene,Louisiana-Lafayette,USA,2005
Orlando Johnson,California-Santa Barbara,USA,2012
Orlando Robinson,Fresno State,USA,Undrafted
Oshae Brissett,Syracuse,Canada,Undrafted
Othella Harrington,Georgetown,USA,1996
Othello Hunter,Ohio State,USA,Undrafted
Othyus Jeffers,Robert Morris (IL),USA,Undrafted
Otto Porter Jr.,Georgetown,USA,2013
Ousmane Dieng,,France,2022
P.J. Brown,Louisiana Tech,USA,1992
P.J. Dozier,South Carolina,USA,Undrafted
P.J. Tucker,Texas,USA,2006
P.J. Washington,Kentucky,USA,2019
PJ Dozier,South Carolina,USA,Undrafted
PJ Hairston,North Carolina,USA,2014
PJ Tucker,Texas,USA,2006
Pablo Prigioni,,Argentina,Undrafted
Paolo Banchero,Duke,USA,2022
Pape Sow,Cal State-Fullerton,Senegal,2004
Pape Sy,,France,2010
Paris Bass,Detroit Mercy,USA,Undrafted
Pascal Siakam,New Mexico State,Cameroon,2016
Pat Burke,Auburn,Ireland,Undrafted
Pat Connaughton,Notre Dame,USA,2015
Pat Garrity,Notre Dame,USA,1998
Patricio Garino,George Washington,Argentina,Undrafted
Patrick Baldwin,Wisconsin-Milwaukee,USA,2022
Patrick Beverley,Arkansas,USA,2009
Patrick Christopher,California,USA,Undrafted
Patrick Ewing,Georgetown,USA,2008
Patrick McCaw,Nevada-Las Vegas,USA,2016
Patrick O'Bryant,Bradley,USA,2006
Patrick Patterson,Kentucky,USA,2010
Patrick Williams,Florida State,USA,2020
Patty Mills,Saint Mary's (CA),Australia,2009
Pau Gasol,,Spain,2001
Paul Davis,Michigan State,USA,2006
Paul George,Fresno State,USA,2010
Paul Millsap,Louisiana Tech,USA,2006
Paul Pierce,Kansas,USA,1998
Paul Reed,DePaul,USA,2020
Paul Watson,Fresno State,USA,Undrafted
Paul Zipser,,Germany,2016
Pavel Podkolzin,,Russia,2004
Payton Pritchard,Oregon,USA,2020
Peja Stojakovic,,Serbia and Montenegro,1996
Pero Antic,,Macedonia,Undrafted
Perry Jones III,Baylor,USA,2012
Petr Cornelie,,France,2016
Peyton Siva,Louisville,USA,2013
Peyton Watson,UCLA,USA,2022
Phil Pressey,Missouri,USA,Undrafted
Pierre Jackson,Baylor,USA,2013
Pooh Jeter,Portland,USA,Undrafted
Pops Mensah-Bonsu,George Washington,USA,Undrafted
Precious Achiuwa,Memphis,Nigeria,2020
Primoz Brezec,,Slovenia,2000
Quentin Grimes,Houston,USA,2021
Quentin Richardson,DePaul,USA,2000
Quenton Jackson,Texas A&M,USA,Undrafted
Quincy Acy,Baylor,USA,2012
Quincy Douby,Rutgers,USA,2006
Quincy Miller,Baylor,USA,2012
Quincy Pondexter,Washington,USA,2010
Quinn Cook,Duke,USA,Undrafted
Quinndary Weatherspoon,Mississippi State,USA,2019
Quinton Ross,Southern Methodist,USA,Undrafted
Qyntel Woods,Northeast Mississippi Community College,USA,2002
R.J. Hampton,,USA,2020
RJ Barrett,Duke,Canada,2019
RJ Hunter,Georgia State,USA,2015
RJ Nembhard Jr.,TCU,USA,Undrafted
Raef LaFrentz,Kansas,USA,1998
Rafael Araujo,Brigham Young,Brazil,2004
Rafer Alston,Fresno State,USA,1998
RaiQuan Gray,Florida State,USA,2021
Raja Bell,Florida International,U.S. Virgin Islands,Undrafted
Rajon Rondo,Kentucky,USA,2006
Rakeem Christmas,Syracuse,USA,2015
Ramon Sessions,Nevada,USA,2007
Randolph Morris,Kentucky,USA,Undrafted
Randy Foye,Villanova,USA,2006
Randy Holcomb,San Diego State,USA,2002
Randy Livingston,Louisiana State,USA,1996
Rashad McCants,North Carolina,USA,2005
Rashad Vaughn,UNLV,USA,2015
Rashard Lewis,,USA,1998
Rasheed Wallace,North Carolina,USA,1995
Rasho Nesterovic,,Slovenia,1998
Rasual Butler,La Salle,USA,2002
Raul Neto,,Brazil,2013
Rawle Alkins,,USA,Undrafted
Rawle Marshall,Oakland,USA,Undrafted
Ray Allen,Connecticut,USA,1996
Ray McCallum,Detroit Mercy,USA,2013
Ray Spalding,Louisville,USA,2018
Rayjon Tucker,Arkansas-Little Rock,USA,Undrafted
Raymond Felton,North Carolina,USA,2005
Reece Gaines,Louisville,USA,2003
Reggie Bullock,North Carolina,USA,2013
Reggie Evans,Iowa,USA,Undrafted
Reggie Hearn,Northwestern,USA,Undrafted
Reggie Jackson,Boston College,USA,2011
Reggie Perry,Mississippi State,USA,2020
Reggie Williams,Virginia Military Institute,USA,Undrafted
Renaldo Balkman,South Carolina,USA,2006
Renaldo Major,Fresno State,USA,Undrafted
Richard Hamilton,Connecticut,USA,1999
Richard Jefferson,Arizona,USA,2001
Richaun Holmes,Bowling Green,USA,2015
Richie Frahm,Gonzaga,USA,Undrafted
Rick Brunson,Temple,USA,Undrafted
Ricky Davis,Iowa,USA,1998
Ricky Ledo,Providence,USA,2013
Ricky Rubio,,Spain,2009
Rob Edwards,Arizona State,USA,Undrafted
Rob Kurz,Notre Dame,USA,Undrafted
Robbie Hummel,Purdue,USA,2012
Robert Covington,Tennessee State,USA,Undrafted
Robert Franks,Washington State,USA,2019
Robert Hite,Miami (FL),USA,Undrafted
Robert Horry,Alabama,USA,1992
Robert Sacre,Gonzaga,Canada,2012
Robert Swift,,USA,2004
Robert Whaley,Walsh,USA,2005
Robert Williams III,Texas A&M,USA,2018
Robert Woodard II,Mississippi State,USA,2020
Robin Lopez,Stanford,USA,2008
Rodions Kurucs,,Latvia,2018
Rodney Carney,Memphis,USA,2006
Rodney Hood,Duke,USA,2014
Rodney McGruder,Kansas State,USA,Undrafted
Rodney Purvis,Connecticut,USA,Undrafted
Rodney Stuckey,Eastern Washington,USA,2007
Rodrigue Beaubois,,France,2009
Roger Mason Jr.,Virginia,USA,2002
Roger Powell,Illinois,USA,Undrafted
Roko Ukic,,USA,2005
Romeo Langford,Indiana,USA,2019
Ron Baker,Wichita State,USA,Undrafted
Ron Harper Jr.,Rutgers,USA,Undrafted
Ronald Dupree,Louisiana State,USA,Undrafted
Rondae Hollis-Jefferson,Arizona,USA,2015
Ronnie Brewer,Arkansas,USA,2006
Ronnie Price,Utah Valley,USA,Undrafted
Ronny Turiaf,Gonzaga,France,2005
Roy Hibbert,Georgetown,USA,2008
Royal Ivey,Texas,USA,2004
Royce O'Neale,Baylor,USA,Undrafted
Royce White,Iowa State,USA,2012
Ruben Patterson,Cincinnati,USA,1998
Rudy Fernandez,,Spain,2007
Rudy Gay,Connecticut,USA,2006
Rudy Gobert,,France,2013
Rui Hachimura,Gonzaga,Japan,2019
Russ Smith,Louisville,USA,2014
Russell Westbrook,UCLA,USA,2008
Ryan Anderson,California,USA,2008
Ryan Arcidiacono,Villanova,USA,Undrafted
Ryan Bowen,Iowa,USA,1998
Ryan Broekhoff,,Australia,Undrafted
Ryan Gomes,Providence,USA,2005
Ryan Hollins,UCLA,USA,2006
Ryan Kelly,Duke,USA,2013
Ryan Reid,Florida State,USA,2010
Ryan Rollins,Toledo,USA,2022
Saben Lee,Vanderbilt,USA,2020
Saddiq Bey,Villanova,USA,2020
Salah Mejri,,Tunisia,Undrafted
Salim Stoudamire,Arizona,USA,2005
Sam Cassell,Florida State,USA,1993
Sam Dekker,Wisconsin,USA,2015
Sam Hauser,Virginia,USA,Undrafted
Sam Merrill,Utah State,USA,2020
Sam Young,Pittsburgh,USA,2009
Samaki Walker,Louisville,USA,1996
Samardo Samuels,Louisville,Jamaica,Undrafted
Samuel Dalembert,Seton Hall,Haiti,2001
Sandro Mamukelashvili,Seton Hall,Georgia,2021
Santi Aldama,Loyola-Maryland,Spain,2021
Sarunas Jasikevicius,Maryland,USSR,Undrafted
Sasha Kaun,Kansas,Russia,2008
Sasha Pavlovic,,Montenegro,2003
Sasha Vujacic,,Slovenia,2004
Scot Pollard,Kansas,USA,1997
Scott Machado,Iona,USA,Undrafted
Scott Padgett,Kentucky,USA,1999
Scottie Barnes,Florida State,USA,2021
Scottie Lewis,Florida,USA,2021
Scotty Hopson,Tennessee,USA,Undrafted
Scotty Pippen Jr.,Vanderbilt,USA,Undrafted
Sean Kilpatrick,Cincinnati,USA,Undrafted
Sean Marks,California,New Zealand,1998
Sean May,North Carolina,USA,2005
Sean McDermott,Butler,USA,Undrafted
Sean Singletary,Virginia,USA,2008
Sean Williams,Boston College,USA,2007
Sebastian Telfair,,USA,2004
Sekou Doumbouya,,France,2019
Semaj Christon,Xavier,USA,2014
Semi Ojeleye,Southern Methodist,USA,2017
Semih Erden,,Turkey,2008
Serge Ibaka,,Democratic Republic of the Congo,2008
Sergei Monia,,Russia,2004
Sergey Karasev,,Russia,2013
Sergio Rodriguez,,Spain,2006
Seth Curry,Duke,USA,Undrafted
Shabazz Muhammad,UCLA,USA,2013
Shabazz Napier,Connecticut,USA,2014
Shaedon Sharpe,Kentucky,Canada,2022
Shai Gilgeous-Alexander,Kentucky,Canada,2018
Shake Milton,Southern Methodist,USA,2018
Shammond Williams,North Carolina,USA,1998
Shamorie Ponds,"St. John's, N.Y.",USA,Undrafted
Shandon Anderson,Georgia,USA,1996
Shane Battier,Duke,USA,2001
Shane Edwards,Arkansas-Little Rock,USA,Undrafted
Shane Larkin,Miami (FL),USA,2013
Shannon Brown,Michigan State,USA,2006
Shaq Buchanan,Murray State,USA,Undrafted
Shaquille Harrison,Tulsa,USA,Undrafted
Shaquille O'Neal,Louisiana State,USA,1992
Shareef Abdur-Rahim,California,USA,1996
Sharife Cooper,Auburn,USA,2021
Sharrod Ford,Clemson,USA,Undrafted
Shaun Livingston,,USA,2004
Shavlik Randolph,Duke,USA,Undrafted
Shawn Long,Louisiana-Lafayette,USA,Undrafted
Shawn Marion,Nevada-Las Vegas,USA,1999
Shawne Williams,Memphis,USA,2006
Shayne Whittington,Western Michigan,USA,Undrafted
Shelden Williams,Duke,USA,2006
Sheldon Mac,Miami (Fla.),USA,Undrafted
Shelvin Mack,Butler,USA,2011
Sherron Collins,Kansas,USA,Undrafted
Sim Bhullar,New Mexico State,Canada,Undrafted
Simone Fontecchio,,Italy,Undrafted
Sindarius Thornwell,South Carolina,USA,2017
Skal Labissiere,Kentucky,Haiti,2016
Skylar Mays,Louisiana State,USA,2020
Slava Medvedenko,,Ukraine,Undrafted
Smush Parker,Fordham,USA,Undrafted
Solomon Alabi,Florida State,Nigeria,2010
Solomon Hill,Arizona,USA,2013
Solomon Jones,South Florida,USA,2006
Sonny Weems,Arkansas,USA,2008
Speedy Claxton,Hofstra,USA,2000
Spencer Dinwiddie,Colorado,USA,2014
Spencer Hawes,Washington,USA,2007
Stacey Augmon,Nevada-Las Vegas,USA,1991
Stanley Johnson,Arizona,USA,2015
Stanley Umude,Arkansas,USA,Undrafted
Stanton Kidd,Colorado State,USA,Undrafted
Stephane Lasme,Massachusetts,Gabon,2007
Stephen Curry,Davidson,USA,2009
Stephen Graham,Oklahoma State,USA,Undrafted
Stephen Jackson,Butler Community College,USA,1997
Stephen Zimmerman,Nevada-Las Vegas,USA,2016
Stephon Marbury,Georgia Tech,USA,1996
Sterling Brown,Southern Methodist,USA,2017
Steve Blake,Maryland,USA,2003
Steve Francis,Maryland,USA,1999
Steve Nash,Santa Clara,Canada,1996
Steve Novak,Marquette,USA,2006
Steven Adams,Pittsburgh,New Zealand,2013
Steven Hill,Arkansas,USA,Undrafted
Steven Hunter,DePaul,USA,2001
Steven Smith,La Salle,USA,Undrafted
Stromile Swift,Louisiana State,USA,2000
Sun Sun,,USA,2007
Sundiata Gaines,Georgia,USA,Undrafted
Svi Mykhailiuk,Kansas,Ukraine,2018
T.J. Ford,Texas,USA,2003
T.J. Leaf,UCLA,USA,2017
T.J. McConnell,Arizona,USA,Undrafted
T.J. Warren,North Carolina State,USA,2014
TJ Leaf,UCLA,USA,2017
TJ Warren,North Carolina State,USA,2014
Tacko Fall,Central Florida,Senegal,Undrafted
Tahjere McCall,Tennessee State,USA,Undrafted
Taj Gibson,Southern California,USA,2009
Talen Horton-Tucker,Iowa State,USA,2019
Tarence Kinsey,South Carolina,USA,Undrafted
Tari Eason,Louisiana State,USA,2022
Tarik Black,Kansas,USA,Undrafted
Tariq Owens,Texas Tech,USA,Undrafted
Taurean Green,Florida,USA,2007
Taurean Prince,Baylor,USA,2016
Taylor Griffin,Oklahoma,USA,2009
Tayshaun Prince,Kentucky,USA,2002
Terance Mann,Florida State,USA,2019
Terence Davis,Mississippi,USA,Undrafted
Terence Morris,Maryland,USA,2001
Terrance Ferguson,,USA,2017
Terrel Harris,Oklahoma State,USA,Undrafted
Terrence Jones,Kentucky,USA,2012
Terrence Ross,Washington,USA,2012
Terrence Williams,Louisville,USA,2009
Terry Rozier,Louisville,USA,2015
Terry Taylor,Austin Peay,USA,Undrafted
Thabo Sefolosha,,Switzerland,2006
Thaddeus Young,Georgia Tech,USA,2007
Thanasis Antetokounmpo,,Greece,2014
Theo Maledon,,France,2020
Theo Pinson,,USA,Undrafted
Theo Ratliff,Wyoming,USA,1995
Thomas Bryant,Indiana,USA,2017
Thomas Gardner,Missouri,USA,Undrafted
Thomas Robinson,Kansas,USA,2012
Thomas Welsh,UCLA,USA,2018
Thon Maker,,South Sudan,2016
Tiago Splitter,,Brazil,2007
Tibor Pleiss,,Germany,2010
Tim Duncan,Wake Forest,US Virgin Islands,1997
Tim Frazier,,USA,Undrafted
Tim Hardaway Jr.,Michigan,USA,2013
Tim Ohlbrecht,,Germany,Undrafted
Tim Quarterman,Louisiana State,USA,Undrafted
Tim Thomas,Villanova,USA,1997
Timofey Mozgov,,Russia,Undrafted
Timothe Luwawu-Cabarrot,,France,2016
Tobias Harris,Tennessee,USA,2011
Tomas Satoransky,,Czech Republic,2012
Toney Douglas,Florida State,USA,2009
Toni Kukoc,,Croatia,1990
Tony Allen,Oklahoma State,USA,2004
Tony Battie,Texas Tech,USA,1997
Tony Bradley,North Carolina,USA,2017
Tony Delk,Kentucky,USA,1996
Tony Mitchell,Alabama,USA,Undrafted
Tony Parker,,France,2001
Tony Snell,New Mexico,USA,2013
Tony Wroten,Washington,USA,2012
Tornike Shengelia,,Georgia,2012
Torrey Craig,South Carolina Upstate,USA,Undrafted
Toure' Murry,Wichita State,USA,Undrafted
Tracy McGrady,,USA,1997
Trae Young,Oklahoma,USA,2018
Travis Diener,Marquette,USA,2005
Travis Leslie,Georgia,USA,2011
Travis Outlaw,,USA,2003
Travis Wear,UCLA,USA,Undrafted
Trayvon Palmer,Chicago St.,USA,Undrafted
Tre Jones,Duke,USA,2020
Tre Mann,Florida,USA,2021
Tremont Waters,Louisiana State,USA,2019
Trendon Watford,Louisiana State,USA,Undrafted
Trent Forrest,Florida State,USA,Undrafted
Trenton Hassell,Austin Peay,USA,2001
Trevelin Queen,New Mexico State,USA,Undrafted
Treveon Graham,Virginia Commonwealth,USA,Undrafted
Trevon Duval,,USA,Undrafted
Trevon Scott,Cincinnati,USA,Undrafted
Trevor Ariza,UCLA,USA,2004
Trevor Booker,Clemson,USA,2010
Trevor Hudgins,Northwest Missouri State,USA,Undrafted
Trevor Keels,Duke,USA,2022
Trey Burke,Michigan,USA,2013
Trey Gilder,Northwestern State,USA,Undrafted
Trey Johnson,Jackson State,USA,Undrafted
Trey Lyles,Kentucky,USA,2015
Trey McKinney-Jones,Miami (FL),USA,Undrafted
Trey Murphy III,Virginia,USA,2021
Trey Thompkins,Georgia,USA,2011
Tristan Thompson,Texas,Canada,2011
Troy Brown Jr.,Oregon,USA,2018
Troy Caupain,Cincinnati,USA,Undrafted
Troy Daniels,Virginia Commonwealth,USA,Undrafted
Troy Hudson,Southern Illinois,USA,Undrafted
Troy Murphy,Notre Dame,USA,2001
Troy Williams,Indiana,USA,Undrafted
Ty Jerome,Virginia,USA,2019
Ty Lawson,North Carolina,USA,2009
Ty-Shon Alexander,Creighton,USA,Undrafted
TyTy Washington Jr.,Kentucky,USA,2022
Tyler Bey,Colorado,USA,2020
Tyler Cavanaugh,George Washington,USA,Undrafted
Tyler Cook,Iowa,USA,Undrafted
Tyler Davis,,USA,Undrafted
Tyler Dorsey,Oregon,USA,2017
Tyler Ennis,Syracuse,Canada,2014
Tyler Hall,Montana State,USA,Undrafted
Tyler Hansbrough,North Carolina,USA,2009
Tyler Herro,Kentucky,USA,2019
Tyler Honeycutt,UCLA,USA,2011
Tyler Johnson,Fresno State,USA,Undrafted
Tyler Lydon,Syracuse,USA,2017
Tyler Ulis,Kentucky,USA,2016
Tyler Zeller,North Carolina,USA,2012
Tyreke Evans,Memphis,USA,2009
Tyrell Terry,Stanford,USA,2020
Tyrese Haliburton,Iowa State,USA,2020
Tyrese Martin,Connecticut,USA,2022
Tyrese Maxey,Kentucky,USA,2020
Tyrone Wallace,California,USA,2016
Tyronn Lue,Nebraska,USA,1998
Tyrus Thomas,Louisiana State,USA,2006
Tyshawn Taylor,Kansas,USA,2012
Tyson Chandler,,USA,2001
Tyus Jones,Duke,USA,2015
Udoka Azubuike,Kansas,Nigeria,2020
Udonis Haslem,Florida,USA,Undrafted
Uros Slokar,,USA,2005
Usman Garuba,,Spain,2021
Vander Blue,Marquette,USA,Undrafted
Vassilis Spanoulis,,USA,2004
Vernon Carey Jr.,Duke,USA,2020
Vernon Macklin,Florida,USA,2011
Viacheslav Kravtsov,,Ukraine,Undrafted
Vic Law,Northwestern,USA,Undrafted
Victor Claver,,Spain,2009
Victor Oladipo,Indiana,USA,2013
Viktor Khryapa,,Russia,2004
Vin Baker,Hartford,USA,1993
Vince Carter,North Carolina,USA,1998
Vince Williams Jr.,Virginia Commonwealth,USA,2022
Vincent Edwards,Purdue,USA,2018
Vincent Hunter,Texas-El Paso,USA,Undrafted
Vincent Poirier,,France,Undrafted
Vit Krejci,,Czech Republic,2020
Vitaly Potapenko,Wright State,Ukraine,1996
Vitor Faverani,,Brazil,Undrafted
Vladimir Radmanovic,,Serbia,2001
Vlatko Cancar,,Slovenia,2017
Von Wafer,Florida State,USA,2005
Voshon Lenard,Minnesota,USA,1994
Wade Baldwin IV,Vanderbilt,USA,2016
Walker Kessler,Auburn,USA,2022
Walker Russell,Jacksonville State,USA,1982
Wally Szczerbiak,Miami (OH),USA,1999
Walt Lemon Jr.,,USA,Undrafted
Walter Herrmann,,USA,Undrafted
Walter McCarty,Kentucky,USA,1996
Walter Sharpe,Alabama-Birmingham,USA,2008
Wayne Ellington,North Carolina,USA,2009
Wayne Selden,Kansas,USA,Undrafted
Wayne Simien,Kansas,USA,2005
Wendell Carter Jr.,Duke,USA,2018
Wendell Moore Jr.,Duke,USA,2022
Wenyen Gabriel,Kentucky,South Sudan,Undrafted
Wes Iwundu,Kansas State,USA,2017
Wesley Johnson,Syracuse,USA,2010
Wesley Matthews,Marquette,USA,Undrafted
Will Barton,Memphis,USA,2012
Will Blalock,Iowa State,USA,2006
Will Bynum,Georgia Tech,USA,Undrafted
Will Cherry,Montana,USA,Undrafted
Will Conroy,Washington,USA,Undrafted
Will Magnay,,Australia,Undrafted
Will Solomon,Clemson,USA,2001
William Howard,,France,Undrafted
Willie Cauley-Stein,Kentucky,USA,2015
Willie Green,Detroit Mercy,USA,2003
Willie Reed,Saint Louis,USA,Undrafted
Willie Warren,Oklahoma,USA,2010
Willy Hernangomez,,Spain,2015
Wilson Chandler,DePaul,USA,2007
Xavier Cooks,Winthrop,Australia,Undrafted
Xavier Henry,Kansas,USA,2010
Xavier Moon,Morehead State,USA,Undrafted
Xavier Munford,Rhode Island,USA,Undrafted
Xavier Rathan-Mayes,Florida State,Canada,Undrafted
Xavier Silas,Northern Illinois,USA,2011
Xavier Sneed,Kansas State,USA,Undrafted
Xavier Tillman,Michigan State,USA,2020
Xavier Tillman Sr.,Michigan State,USA,2020
Yakhouba Diawara,Pepperdine,USA,Undrafted
Yante Maten,,USA,Undrafted
Yao Ming,,China,2002
Yaroslav Korolev,,Russia,2005
Yi Jianlian,,USA,2007
Yogi Ferrell,Indiana,USA,Undrafted
Yuta Watanabe,George Washington,Japan,Undrafted
Yves Pons,Tennessee,France,Undrafted
Zabian Dowdell,Virginia Tech,USA,Undrafted
Zach Collins,Gonzaga,USA,2017
Zach LaVine,UCLA,USA,2014
Zach Lofton,New Mexico State,USA,Undrafted
Zach Norvell Jr.,Gonzaga,USA,2019
Zach Randolph,Michigan State,USA,2001
Zarko Cabarkapa,,Serbia and Montenegro,2003
Zavier Simpson,Michigan,USA,Undrafted
Zaza Pachulia,,Georgia,2003
Zeke Nnaji,Arizona,USA,2020
Zeljko Rebraca,,Yugoslavia,1994
Zendon Hamilton,St. John's (NY),USA,Undrafted
Zhaire Smith,Texas Tech,USA,2018
Zhou Qi,,China,2016
Ziaire Williams,Stanford,USA,2021
Zion Williamson,Duke,USA,2019
Zoran Dragic,,Slovenia,Undrafted
Zoran Planinic,,Croatia,2003
Zydrunas Ilgauskas,,Lithuania,1996
Zylan Cheatham,Arizona State,USA,Undrafted
